{
  "system": "Windows",
  "version": "1.1.1",
  "lite": false,
  "py_version": "3.12",
  "py_version_micro": "3.12.5",
  "packages": {
    "babel": "2.14.0",
    "brotli": "1.1.0",
    "markdown": "3.6",
    "markupsafe": "2.1.5",
    "pyside6": "6.7.2",
    "pysocks": "1.7.1",
    "pyyaml": "6.0.2",
    "qtpy": "2.4.1",
    "send2trash": "1.8.3",
    "absl-py": "2.1.0",
    "accelerate": "0.21.0",
    "aiohappyeyeballs": "2.4.3",
    "aiohttp": "3.10.10",
    "aiohttp-cors": "0.7.0",
    "aiosignal": "1.3.1",
    "antlr4-python3-runtime": "4.9.3",
    "anyio": "4.4.0",
    "argon2-cffi": "23.1.0",
    "argon2-cffi-bindings": "21.2.0",
    "arrow": "1.3.0",
    "asttokens": "2.4.1",
    "async-lru": "2.0.4",
    "async-timeout": "4.0.3",
    "attrs": "24.2.0",
    "autogluon": "1.1.1",
    "autogluon.common": "1.1.1",
    "autogluon.core": "1.1.1",
    "autogluon.features": "1.1.1",
    "autogluon.multimodal": "1.1.1",
    "autogluon.tabular": "1.1.1",
    "autogluon.timeseries": "1.1.1",
    "beautifulsoup4": "4.12.3",
    "binaryornot": "0.4.4",
    "bleach": "6.1.0",
    "blis": "1.0.1",
    "boto3": "1.35.49",
    "botocore": "1.35.49",
    "cached-property": "1.5.2",
    "cachetools": "5.5.0",
    "catalogue": "2.0.10",
    "catboost": "1.2.7",
    "category-encoders": "2.6.3",
    "certifi": "2024.8.30",
    "cffi": "1.17.0",
    "chardet": "5.2.0",
    "charset-normalizer": "3.3.2",
    "click": "8.1.7",
    "cloudpathlib": "0.20.0",
    "cloudpickle": "3.1.0",
    "colorama": "0.4.6",
    "colorful": "0.5.6",
    "comm": "0.2.2",
    "confection": "0.1.5",
    "contourpy": "1.2.1",
    "cookiecutter": "2.6.0",
    "cryptography": "43.0.3",
    "cycler": "0.12.1",
    "cymem": "2.0.8",
    "datasets": "3.0.2",
    "debugpy": "1.8.5",
    "decorator": "5.1.1",
    "defusedxml": "0.7.1",
    "dill": "0.3.8",
    "distlib": "0.3.9",
    "entrypoints": "0.4",
    "et-xmlfile": "2.0.0",
    "evaluate": "0.4.1",
    "exceptiongroup": "1.2.2",
    "executing": "2.0.1",
    "fastai": "2.7.18",
    "fastcore": "1.7.19",
    "fastdownload": "0.0.7",
    "fastjsonschema": "2.20.0",
    "fastprogress": "1.0.3",
    "filelock": "3.15.4",
    "fonttools": "4.53.1",
    "fqdn": "1.5.1",
    "frozenlist": "1.5.0",
    "fsspec": "2024.9.0",
    "future": "1.0.0",
    "gdown": "5.2.0",
    "gluonts": "0.14.3",
    "google-api-core": "2.21.0",
    "google-auth": "2.35.0",
    "googleapis-common-protos": "1.65.0",
    "graphviz": "0.20.3",
    "grpcio": "1.62.2",
    "h11": "0.14.0",
    "h2": "4.1.0",
    "hpack": "4.0.0",
    "httpcore": "1.0.5",
    "httpx": "0.27.0",
    "huggingface-hub": "0.26.1",
    "hyperframe": "6.0.1",
    "hyperopt": "0.2.7",
    "idna": "3.7",
    "imagecodecs": "2024.6.1",
    "imageio": "2.36.0",
    "importlib-metadata": "8.2.0",
    "importlib-resources": "6.4.0",
    "intel-openmp": "2021.4.0",
    "ipykernel": "6.29.5",
    "ipython": "8.26.0",
    "ipywidgets": "8.1.3",
    "isoduration": "20.11.0",
    "jedi": "0.19.1",
    "jinja2": "3.1.4",
    "jmespath": "1.0.1",
    "joblib": "1.4.2",
    "json5": "0.9.25",
    "jsonpointer": "3.0.0",
    "jsonschema": "4.23.0",
    "jsonschema-specifications": "2023.12.1",
    "jupyter": "1.0.0",
    "jupyter-client": "8.6.2",
    "jupyter-console": "6.6.3",
    "jupyter-core": "5.7.2",
    "jupyter-events": "0.10.0",
    "jupyter-lsp": "2.2.5",
    "jupyter-server": "2.14.2",
    "jupyter-server-terminals": "0.5.3",
    "jupyterlab": "4.2.4",
    "jupyterlab-pygments": "0.3.0",
    "jupyterlab-server": "2.27.3",
    "jupyterlab-widgets": "3.0.11",
    "kiwisolver": "1.4.5",
    "langcodes": "3.4.1",
    "language-data": "1.2.0",
    "lazy-loader": "0.4",
    "lightgbm": "4.3.0",
    "lightning": "2.3.3",
    "lightning-utilities": "0.11.8",
    "llvmlite": "0.43.0",
    "marisa-trie": "1.2.1",
    "markdown-it-py": "3.0.0",
    "matplotlib": "3.9.1",
    "matplotlib-inline": "0.1.7",
    "mdurl": "0.1.2",
    "mistune": "3.0.2",
    "mkl": "2021.4.0",
    "mlforecast": "0.10.0",
    "model-index": "0.1.11",
    "mpmath": "1.3.0",
    "mrmr-selection": "0.2.8",
    "msgpack": "1.1.0",
    "multidict": "6.1.0",
    "multiprocess": "0.70.16",
    "munkres": "1.1.4",
    "murmurhash": "1.0.10",
    "nbclient": "0.10.0",
    "nbconvert": "7.16.4",
    "nbformat": "5.10.4",
    "nest-asyncio": "1.6.0",
    "networkx": "3.3",
    "nlpaug": "1.1.11",
    "nltk": "3.9.1",
    "notebook": "7.2.1",
    "notebook-shim": "0.2.4",
    "nptyping": "2.4.1",
    "numba": "0.60.0",
    "numpy": "1.26.4",
    "nvidia-ml-py3": "7.352.0",
    "omegaconf": "2.3.0",
    "opencensus": "0.11.3",
    "opencensus-context": "0.1.3",
    "openmim": "0.3.7",
    "openpyxl": "3.1.5",
    "ordered-set": "4.1.0",
    "orjson": "3.10.10",
    "overrides": "7.7.0",
    "packaging": "24.1",
    "pandas": "2.2.2",
    "pandocfilters": "1.5.0",
    "parso": "0.8.4",
    "patsy": "0.5.6",
    "pdf2image": "1.17.0",
    "pickleshare": "0.7.5",
    "pillow": "10.4.0",
    "pip": "24.3.1",
    "pkgutil-resolve-name": "1.3.10",
    "platformdirs": "3.11.0",
    "plotly": "5.24.1",
    "polars": "1.2.1",
    "preshed": "3.0.9",
    "prometheus-client": "0.20.0",
    "prompt-toolkit": "3.0.47",
    "propcache": "0.2.0",
    "proto-plus": "1.25.0",
    "protobuf": "4.25.3",
    "psutil": "5.9.8",
    "pure-eval": "0.2.3",
    "py4j": "0.10.9.7",
    "pyopenssl": "24.2.1",
    "pyarrow": "17.0.0",
    "pyasn1": "0.6.1",
    "pyasn1-modules": "0.4.1",
    "pycparser": "2.22",
    "pydantic": "1.10.17",
    "pygments": "2.18.0",
    "pyparsing": "3.1.2",
    "pytesseract": "0.3.10",
    "python-dateutil": "2.9.0",
    "python-json-logger": "2.0.7",
    "python-slugify": "8.0.4",
    "pytorch-lightning": "2.3.3",
    "pytorch-metric-learning": "2.3.0",
    "pytz": "2024.1",
    "pyu2f": "0.1.5",
    "pywavelets": "1.7.0",
    "pywin32": "306",
    "pywinpty": "2.0.13",
    "pyzmq": "26.1.0",
    "qtconsole": "5.5.2",
    "ray": "2.36.1",
    "referencing": "0.35.1",
    "regex": "2024.9.11",
    "requests": "2.32.3",
    "responses": "0.18.0",
    "rfc3339-validator": "0.1.4",
    "rfc3986-validator": "0.1.1",
    "rich": "13.9.3",
    "rpds-py": "0.20.0",
    "rsa": "4.9",
    "s3transfer": "0.10.3",
    "safetensors": "0.4.5",
    "scikit-image": "0.24.0",
    "scikit-learn": "1.4.0",
    "scikit-plot": "0.3.7",
    "scipy": "1.12.0",
    "seaborn": "0.13.2",
    "sentencepiece": "0.2.0",
    "seqeval": "1.2.2",
    "setproctitle": "1.3.3",
    "setuptools": "75.3.0",
    "shap": "0.45.1",
    "shellingham": "1.5.4",
    "shiboken6": "6.7.2",
    "six": "1.16.0",
    "slicer": "0.0.8",
    "smart-open": "7.0.5",
    "sniffio": "1.3.1",
    "soupsieve": "2.5",
    "spacy": "3.8.2",
    "spacy-legacy": "3.0.12",
    "spacy-loggers": "1.0.5",
    "srsly": "2.4.8",
    "stack-data": "0.6.2",
    "statsforecast": "1.4.0",
    "statsmodels": "0.14.2",
    "sympy": "1.13.2",
    "tabulate": "0.9.0",
    "tbb": "2021.13.1",
    "tenacity": "9.0.0",
    "tensorboard": "2.18.0",
    "tensorboardx": "2.6.2.2",
    "tensorboard-data-server": "0.7.0",
    "terminado": "0.18.1",
    "text-unidecode": "1.3",
    "thinc": "8.3.2",
    "threadpoolctl": "3.5.0",
    "tifffile": "2024.9.20",
    "timm": "0.9.16",
    "tinycss2": "1.3.0",
    "tokenizers": "0.15.2",
    "tomli": "2.0.1",
    "toolz": "0.12.1",
    "torch": "2.3.1",
    "torchaudio": "2.4.0",
    "torchmetrics": "1.2.1",
    "torchvision": "0.19.0",
    "tornado": "6.4.1",
    "tqdm": "4.66.5",
    "traitlets": "5.14.3",
    "transformers": "4.38.2",
    "typer": "0.12.5",
    "types-python-dateutil": "2.9.0.20240316",
    "typing-extensions": "4.12.2",
    "typing-utils": "0.1.0",
    "typish": "1.9.3",
    "tzdata": "2024.1",
    "ujson": "5.10.0",
    "uri-template": "1.3.0",
    "urllib3": "2.2.2",
    "utilsforecast": "0.0.10",
    "virtualenv": "20.21.0",
    "wasabi": "1.1.3",
    "wcwidth": "0.2.13",
    "weasel": "0.4.1",
    "webcolors": "24.8.0",
    "webencodings": "0.5.1",
    "websocket-client": "1.8.0",
    "werkzeug": "3.0.6",
    "wheel": "0.44.0",
    "widgetsnbextension": "4.0.11",
    "win-inet-pton": "1.1.0",
    "window-ops": "0.0.15",
    "wrapt": "1.16.0",
    "xgboost": "2.0.3",
    "xxhash": "3.5.0",
    "yarl": "1.16.0",
    "zipp": "3.20.0",
    "zstandard": "0.23.0",
    "autocommand": "2.2.2",
    "backports.tarfile": "1.2.0",
    "inflect": "7.3.1",
    "jaraco.collections": "5.1.0",
    "jaraco.context": "5.3.0",
    "jaraco.functools": "4.0.1",
    "jaraco.text": "3.12.1",
    "more-itertools": "10.3.0",
    "typeguard": "4.3.0"
  }
}